"filename", "language", "CSS", "YAML", "TypeScript", "JSON", "HTML", "XML", "comment", "blank", "total"
"/Users/tyshowers/Dropbox/angular/notch-app/src/app/address/address-display/address-display.component.css", "CSS", 0, 0, 0, 0, 0, 0, 0, 1, 1
"/Users/tyshowers/Dropbox/angular/notch-app/src/app/address/address-display/address-display.component.html", "HTML", 0, 0, 0, 0, 1, 0, 0, 1, 2
"/Users/tyshowers/Dropbox/angular/notch-app/src/app/address/address-display/address-display.component.spec.ts", "TypeScript", 0, 0, 20, 0, 0, 0, 0, 6, 26
"/Users/tyshowers/Dropbox/angular/notch-app/src/app/address/address-display/address-display.component.ts", "TypeScript", 0, 0, 11, 0, 0, 0, 0, 5, 16
"/Users/tyshowers/Dropbox/angular/notch-app/src/app/address/address-edit/address-edit.component.css", "CSS", 0, 0, 0, 0, 0, 0, 0, 1, 1
"/Users/tyshowers/Dropbox/angular/notch-app/src/app/address/address-edit/address-edit.component.html", "HTML", 0, 0, 0, 0, 1, 0, 0, 1, 2
"/Users/tyshowers/Dropbox/angular/notch-app/src/app/address/address-edit/address-edit.component.spec.ts", "TypeScript", 0, 0, 20, 0, 0, 0, 0, 6, 26
"/Users/tyshowers/Dropbox/angular/notch-app/src/app/address/address-edit/address-edit.component.ts", "TypeScript", 0, 0, 11, 0, 0, 0, 0, 5, 16
"/Users/tyshowers/Dropbox/angular/notch-app/src/app/address/address-list/address-list.component.css", "CSS", 0, 0, 0, 0, 0, 0, 0, 1, 1
"/Users/tyshowers/Dropbox/angular/notch-app/src/app/address/address-list/address-list.component.html", "HTML", 0, 0, 0, 0, 1, 0, 0, 1, 2
"/Users/tyshowers/Dropbox/angular/notch-app/src/app/address/address-list/address-list.component.spec.ts", "TypeScript", 0, 0, 20, 0, 0, 0, 0, 6, 26
"/Users/tyshowers/Dropbox/angular/notch-app/src/app/address/address-list/address-list.component.ts", "TypeScript", 0, 0, 11, 0, 0, 0, 0, 5, 16
"/Users/tyshowers/Dropbox/angular/notch-app/src/app/app-routing.module.ts", "TypeScript", 0, 0, 59, 0, 0, 0, 0, 16, 75
"/Users/tyshowers/Dropbox/angular/notch-app/src/app/app.component.css", "CSS", 0, 0, 0, 0, 0, 0, 0, 1, 1
"/Users/tyshowers/Dropbox/angular/notch-app/src/app/app.component.html", "HTML", 0, 0, 0, 0, 1, 0, 0, 0, 1
"/Users/tyshowers/Dropbox/angular/notch-app/src/app/app.component.spec.ts", "TypeScript", 0, 0, 20, 0, 0, 0, 11, 5, 36
"/Users/tyshowers/Dropbox/angular/notch-app/src/app/app.component.ts", "TypeScript", 0, 0, 30, 0, 0, 0, 0, 11, 41
"/Users/tyshowers/Dropbox/angular/notch-app/src/app/app.module.ts", "TypeScript", 0, 0, 81, 0, 0, 0, 0, 6, 87
"/Users/tyshowers/Dropbox/angular/notch-app/src/app/customers/customer-filter.pipe.spec.ts", "TypeScript", 0, 0, 7, 0, 0, 0, 0, 2, 9
"/Users/tyshowers/Dropbox/angular/notch-app/src/app/customers/customer-filter.pipe.ts", "TypeScript", 0, 0, 37, 0, 0, 0, 0, 7, 44
"/Users/tyshowers/Dropbox/angular/notch-app/src/app/customers/customer-home/customer-home.component.css", "CSS", 6, 0, 0, 0, 0, 0, 0, 1, 7
"/Users/tyshowers/Dropbox/angular/notch-app/src/app/customers/customer-home/customer-home.component.html", "HTML", 0, 0, 0, 0, 30, 0, 0, 3, 33
"/Users/tyshowers/Dropbox/angular/notch-app/src/app/customers/customer-home/customer-home.component.spec.ts", "TypeScript", 0, 0, 20, 0, 0, 0, 0, 6, 26
"/Users/tyshowers/Dropbox/angular/notch-app/src/app/customers/customer-home/customer-home.component.ts", "TypeScript", 0, 0, 86, 0, 0, 0, 0, 15, 101
"/Users/tyshowers/Dropbox/angular/notch-app/src/app/customers/customer-list/customer-list.component.css", "CSS", 0, 0, 0, 0, 0, 0, 0, 1, 1
"/Users/tyshowers/Dropbox/angular/notch-app/src/app/customers/customer-list/customer-list.component.html", "HTML", 0, 0, 0, 0, 35, 0, 0, 1, 36
"/Users/tyshowers/Dropbox/angular/notch-app/src/app/customers/customer-list/customer-list.component.spec.ts", "TypeScript", 0, 0, 20, 0, 0, 0, 0, 6, 26
"/Users/tyshowers/Dropbox/angular/notch-app/src/app/customers/customer-list/customer-list.component.ts", "TypeScript", 0, 0, 43, 0, 0, 0, 4, 17, 64
"/Users/tyshowers/Dropbox/angular/notch-app/src/app/customers/customer-view/customer-view.component.css", "CSS", 0, 0, 0, 0, 0, 0, 0, 1, 1
"/Users/tyshowers/Dropbox/angular/notch-app/src/app/customers/customer-view/customer-view.component.html", "HTML", 0, 0, 0, 0, 58, 0, 0, 1, 59
"/Users/tyshowers/Dropbox/angular/notch-app/src/app/customers/customer-view/customer-view.component.spec.ts", "TypeScript", 0, 0, 20, 0, 0, 0, 0, 6, 26
"/Users/tyshowers/Dropbox/angular/notch-app/src/app/customers/customer-view/customer-view.component.ts", "TypeScript", 0, 0, 24, 0, 0, 0, 0, 12, 36
"/Users/tyshowers/Dropbox/angular/notch-app/src/app/customers/customers-routing.module.ts", "TypeScript", 0, 0, 13, 0, 0, 0, 0, 3, 16
"/Users/tyshowers/Dropbox/angular/notch-app/src/app/customers/customers.component.css", "CSS", 0, 0, 0, 0, 0, 0, 0, 1, 1
"/Users/tyshowers/Dropbox/angular/notch-app/src/app/customers/customers.component.html", "HTML", 0, 0, 0, 0, 60, 0, 7, 9, 76
"/Users/tyshowers/Dropbox/angular/notch-app/src/app/customers/customers.component.spec.ts", "TypeScript", 0, 0, 20, 0, 0, 0, 0, 6, 26
"/Users/tyshowers/Dropbox/angular/notch-app/src/app/customers/customers.component.ts", "TypeScript", 0, 0, 46, 0, 0, 0, 0, 17, 63
"/Users/tyshowers/Dropbox/angular/notch-app/src/app/customers/customers.module.ts", "TypeScript", 0, 0, 28, 0, 0, 0, 0, 4, 32
"/Users/tyshowers/Dropbox/angular/notch-app/src/app/home/home-routing.module.ts", "TypeScript", 0, 0, 9, 0, 0, 0, 0, 3, 12
"/Users/tyshowers/Dropbox/angular/notch-app/src/app/home/home.component.css", "CSS", 0, 0, 0, 0, 0, 0, 0, 1, 1
"/Users/tyshowers/Dropbox/angular/notch-app/src/app/home/home.component.html", "HTML", 0, 0, 0, 0, 22, 0, 0, 1, 23
"/Users/tyshowers/Dropbox/angular/notch-app/src/app/home/home.component.spec.ts", "TypeScript", 0, 0, 20, 0, 0, 0, 0, 6, 26
"/Users/tyshowers/Dropbox/angular/notch-app/src/app/home/home.component.ts", "TypeScript", 0, 0, 13, 0, 0, 0, 0, 5, 18
"/Users/tyshowers/Dropbox/angular/notch-app/src/app/home/home.module.ts", "TypeScript", 0, 0, 64, 0, 0, 0, 0, 4, 68
"/Users/tyshowers/Dropbox/angular/notch-app/src/app/invalid-orders/invalid-order-home/invalid-order-home.component.css", "CSS", 6, 0, 0, 0, 0, 0, 0, 1, 7
"/Users/tyshowers/Dropbox/angular/notch-app/src/app/invalid-orders/invalid-order-home/invalid-order-home.component.html", "HTML", 0, 0, 0, 0, 22, 0, 0, 0, 22
"/Users/tyshowers/Dropbox/angular/notch-app/src/app/invalid-orders/invalid-order-home/invalid-order-home.component.spec.ts", "TypeScript", 0, 0, 20, 0, 0, 0, 0, 6, 26
"/Users/tyshowers/Dropbox/angular/notch-app/src/app/invalid-orders/invalid-order-home/invalid-order-home.component.ts", "TypeScript", 0, 0, 67, 0, 0, 0, 0, 11, 78
"/Users/tyshowers/Dropbox/angular/notch-app/src/app/invalid-orders/invalid-order-list/invalid-order-list.component.css", "CSS", 0, 0, 0, 0, 0, 0, 0, 1, 1
"/Users/tyshowers/Dropbox/angular/notch-app/src/app/invalid-orders/invalid-order-list/invalid-order-list.component.html", "HTML", 0, 0, 0, 0, 26, 0, 0, 1, 27
"/Users/tyshowers/Dropbox/angular/notch-app/src/app/invalid-orders/invalid-order-list/invalid-order-list.component.spec.ts", "TypeScript", 0, 0, 20, 0, 0, 0, 0, 6, 26
"/Users/tyshowers/Dropbox/angular/notch-app/src/app/invalid-orders/invalid-order-list/invalid-order-list.component.ts", "TypeScript", 0, 0, 21, 0, 0, 0, 0, 9, 30
"/Users/tyshowers/Dropbox/angular/notch-app/src/app/invalid-orders/invalid-order-view/invalid-order-view.component.css", "CSS", 0, 0, 0, 0, 0, 0, 0, 1, 1
"/Users/tyshowers/Dropbox/angular/notch-app/src/app/invalid-orders/invalid-order-view/invalid-order-view.component.html", "HTML", 0, 0, 0, 0, 21, 0, 1, 0, 22
"/Users/tyshowers/Dropbox/angular/notch-app/src/app/invalid-orders/invalid-order-view/invalid-order-view.component.spec.ts", "TypeScript", 0, 0, 20, 0, 0, 0, 0, 6, 26
"/Users/tyshowers/Dropbox/angular/notch-app/src/app/invalid-orders/invalid-order-view/invalid-order-view.component.ts", "TypeScript", 0, 0, 20, 0, 0, 0, 0, 11, 31
"/Users/tyshowers/Dropbox/angular/notch-app/src/app/invalid-orders/invalid-orders-routing.module.ts", "TypeScript", 0, 0, 10, 0, 0, 0, 0, 3, 13
"/Users/tyshowers/Dropbox/angular/notch-app/src/app/invalid-orders/invalid-orders.component.css", "CSS", 0, 0, 0, 0, 0, 0, 0, 1, 1
"/Users/tyshowers/Dropbox/angular/notch-app/src/app/invalid-orders/invalid-orders.component.html", "HTML", 0, 0, 0, 0, 0, 0, 0, 1, 1
"/Users/tyshowers/Dropbox/angular/notch-app/src/app/invalid-orders/invalid-orders.component.spec.ts", "TypeScript", 0, 0, 20, 0, 0, 0, 0, 6, 26
"/Users/tyshowers/Dropbox/angular/notch-app/src/app/invalid-orders/invalid-orders.component.ts", "TypeScript", 0, 0, 11, 0, 0, 0, 0, 5, 16
"/Users/tyshowers/Dropbox/angular/notch-app/src/app/invalid-orders/invalid-orders.module.ts", "TypeScript", 0, 0, 24, 0, 0, 0, 0, 5, 29
"/Users/tyshowers/Dropbox/angular/notch-app/src/app/kit-registrations/kit-registration-filter.pipe.spec.ts", "TypeScript", 0, 0, 7, 0, 0, 0, 0, 2, 9
"/Users/tyshowers/Dropbox/angular/notch-app/src/app/kit-registrations/kit-registration-filter.pipe.ts", "TypeScript", 0, 0, 9, 0, 0, 0, 0, 4, 13
"/Users/tyshowers/Dropbox/angular/notch-app/src/app/kit-registrations/kit-registration-home/kit-registration-home.component.css", "CSS", 0, 0, 0, 0, 0, 0, 0, 1, 1
"/Users/tyshowers/Dropbox/angular/notch-app/src/app/kit-registrations/kit-registration-home/kit-registration-home.component.html", "HTML", 0, 0, 0, 0, 1, 0, 0, 1, 2
"/Users/tyshowers/Dropbox/angular/notch-app/src/app/kit-registrations/kit-registration-home/kit-registration-home.component.spec.ts", "TypeScript", 0, 0, 20, 0, 0, 0, 0, 6, 26
"/Users/tyshowers/Dropbox/angular/notch-app/src/app/kit-registrations/kit-registration-home/kit-registration-home.component.ts", "TypeScript", 0, 0, 11, 0, 0, 0, 0, 5, 16
"/Users/tyshowers/Dropbox/angular/notch-app/src/app/kit-registrations/kit-registration-list/kit-registration-list.component.css", "CSS", 0, 0, 0, 0, 0, 0, 0, 1, 1
"/Users/tyshowers/Dropbox/angular/notch-app/src/app/kit-registrations/kit-registration-list/kit-registration-list.component.html", "HTML", 0, 0, 0, 0, 1, 0, 0, 1, 2
"/Users/tyshowers/Dropbox/angular/notch-app/src/app/kit-registrations/kit-registration-list/kit-registration-list.component.spec.ts", "TypeScript", 0, 0, 20, 0, 0, 0, 0, 6, 26
"/Users/tyshowers/Dropbox/angular/notch-app/src/app/kit-registrations/kit-registration-list/kit-registration-list.component.ts", "TypeScript", 0, 0, 11, 0, 0, 0, 0, 5, 16
"/Users/tyshowers/Dropbox/angular/notch-app/src/app/kit-registrations/kit-registration-view/kit-registration-view.component.css", "CSS", 0, 0, 0, 0, 0, 0, 0, 1, 1
"/Users/tyshowers/Dropbox/angular/notch-app/src/app/kit-registrations/kit-registration-view/kit-registration-view.component.html", "HTML", 0, 0, 0, 0, 1, 0, 0, 1, 2
"/Users/tyshowers/Dropbox/angular/notch-app/src/app/kit-registrations/kit-registration-view/kit-registration-view.component.spec.ts", "TypeScript", 0, 0, 20, 0, 0, 0, 0, 6, 26
"/Users/tyshowers/Dropbox/angular/notch-app/src/app/kit-registrations/kit-registration-view/kit-registration-view.component.ts", "TypeScript", 0, 0, 11, 0, 0, 0, 0, 5, 16
"/Users/tyshowers/Dropbox/angular/notch-app/src/app/kit-registrations/kit-registrations.module.ts", "TypeScript", 0, 0, 13, 0, 0, 0, 0, 4, 17
"/Users/tyshowers/Dropbox/angular/notch-app/src/app/lab-orders/lab-order-create/lab-order-create.component.css", "CSS", 0, 0, 0, 0, 0, 0, 0, 1, 1
"/Users/tyshowers/Dropbox/angular/notch-app/src/app/lab-orders/lab-order-create/lab-order-create.component.html", "HTML", 0, 0, 0, 0, 17, 0, 0, 2, 19
"/Users/tyshowers/Dropbox/angular/notch-app/src/app/lab-orders/lab-order-create/lab-order-create.component.spec.ts", "TypeScript", 0, 0, 20, 0, 0, 0, 0, 6, 26
"/Users/tyshowers/Dropbox/angular/notch-app/src/app/lab-orders/lab-order-create/lab-order-create.component.ts", "TypeScript", 0, 0, 25, 0, 0, 0, 0, 9, 34
"/Users/tyshowers/Dropbox/angular/notch-app/src/app/lab-orders/lab-order-edit/lab-order-edit.component.css", "CSS", 0, 0, 0, 0, 0, 0, 0, 1, 1
"/Users/tyshowers/Dropbox/angular/notch-app/src/app/lab-orders/lab-order-edit/lab-order-edit.component.html", "HTML", 0, 0, 0, 0, 1026, 0, 23, 25, 1074
"/Users/tyshowers/Dropbox/angular/notch-app/src/app/lab-orders/lab-order-edit/lab-order-edit.component.spec.ts", "TypeScript", 0, 0, 20, 0, 0, 0, 0, 6, 26
"/Users/tyshowers/Dropbox/angular/notch-app/src/app/lab-orders/lab-order-edit/lab-order-edit.component.ts", "TypeScript", 0, 0, 210, 0, 0, 0, 1, 22, 233
"/Users/tyshowers/Dropbox/angular/notch-app/src/app/lab-orders/lab-order-filter.pipe.spec.ts", "TypeScript", 0, 0, 7, 0, 0, 0, 0, 2, 9
"/Users/tyshowers/Dropbox/angular/notch-app/src/app/lab-orders/lab-order-filter.pipe.ts", "TypeScript", 0, 0, 39, 0, 0, 0, 0, 8, 47
"/Users/tyshowers/Dropbox/angular/notch-app/src/app/lab-orders/lab-order-home/lab-order-home.component.css", "CSS", 6, 0, 0, 0, 0, 0, 0, 1, 7
"/Users/tyshowers/Dropbox/angular/notch-app/src/app/lab-orders/lab-order-home/lab-order-home.component.html", "HTML", 0, 0, 0, 0, 31, 0, 0, 3, 34
"/Users/tyshowers/Dropbox/angular/notch-app/src/app/lab-orders/lab-order-home/lab-order-home.component.spec.ts", "TypeScript", 0, 0, 20, 0, 0, 0, 0, 6, 26
"/Users/tyshowers/Dropbox/angular/notch-app/src/app/lab-orders/lab-order-home/lab-order-home.component.ts", "TypeScript", 0, 0, 88, 0, 0, 0, 0, 15, 103
"/Users/tyshowers/Dropbox/angular/notch-app/src/app/lab-orders/lab-order-list/lab-order-list.component.css", "CSS", 0, 0, 0, 0, 0, 0, 0, 1, 1
"/Users/tyshowers/Dropbox/angular/notch-app/src/app/lab-orders/lab-order-list/lab-order-list.component.html", "HTML", 0, 0, 0, 0, 40, 0, 0, 1, 41
"/Users/tyshowers/Dropbox/angular/notch-app/src/app/lab-orders/lab-order-list/lab-order-list.component.spec.ts", "TypeScript", 0, 0, 20, 0, 0, 0, 0, 6, 26
"/Users/tyshowers/Dropbox/angular/notch-app/src/app/lab-orders/lab-order-list/lab-order-list.component.ts", "TypeScript", 0, 0, 49, 0, 0, 0, 4, 18, 71
"/Users/tyshowers/Dropbox/angular/notch-app/src/app/lab-orders/lab-order-view/lab-order-view.component.css", "CSS", 0, 0, 0, 0, 0, 0, 0, 1, 1
"/Users/tyshowers/Dropbox/angular/notch-app/src/app/lab-orders/lab-order-view/lab-order-view.component.html", "HTML", 0, 0, 0, 0, 161, 0, 1, 11, 173
"/Users/tyshowers/Dropbox/angular/notch-app/src/app/lab-orders/lab-order-view/lab-order-view.component.spec.ts", "TypeScript", 0, 0, 20, 0, 0, 0, 0, 6, 26
"/Users/tyshowers/Dropbox/angular/notch-app/src/app/lab-orders/lab-order-view/lab-order-view.component.ts", "TypeScript", 0, 0, 26, 0, 0, 0, 0, 11, 37
"/Users/tyshowers/Dropbox/angular/notch-app/src/app/lab-orders/lab-orders-routing.module.ts", "TypeScript", 0, 0, 13, 0, 0, 0, 0, 3, 16
"/Users/tyshowers/Dropbox/angular/notch-app/src/app/lab-orders/lab-orders.component.css", "CSS", 0, 0, 0, 0, 0, 0, 0, 1, 1
"/Users/tyshowers/Dropbox/angular/notch-app/src/app/lab-orders/lab-orders.component.html", "HTML", 0, 0, 0, 0, 1, 0, 0, 1, 2
"/Users/tyshowers/Dropbox/angular/notch-app/src/app/lab-orders/lab-orders.component.spec.ts", "TypeScript", 0, 0, 20, 0, 0, 0, 0, 6, 26
"/Users/tyshowers/Dropbox/angular/notch-app/src/app/lab-orders/lab-orders.component.ts", "TypeScript", 0, 0, 11, 0, 0, 0, 0, 5, 16
"/Users/tyshowers/Dropbox/angular/notch-app/src/app/lab-orders/lab-orders.module.ts", "TypeScript", 0, 0, 36, 0, 0, 0, 0, 3, 39
"/Users/tyshowers/Dropbox/angular/notch-app/src/app/login/change-password/change-password.component.css", "CSS", 0, 0, 0, 0, 0, 0, 0, 1, 1
"/Users/tyshowers/Dropbox/angular/notch-app/src/app/login/change-password/change-password.component.html", "HTML", 0, 0, 0, 0, 21, 0, 0, 5, 26
"/Users/tyshowers/Dropbox/angular/notch-app/src/app/login/change-password/change-password.component.ts", "TypeScript", 0, 0, 26, 0, 0, 0, 0, 11, 37
"/Users/tyshowers/Dropbox/angular/notch-app/src/app/login/forgot-password/forgot-password.component.css", "CSS", 0, 0, 0, 0, 0, 0, 0, 1, 1
"/Users/tyshowers/Dropbox/angular/notch-app/src/app/login/forgot-password/forgot-password.component.html", "HTML", 0, 0, 0, 0, 32, 0, 0, 0, 32
"/Users/tyshowers/Dropbox/angular/notch-app/src/app/login/forgot-password/forgot-password.component.ts", "TypeScript", 0, 0, 32, 0, 0, 0, 0, 11, 43
"/Users/tyshowers/Dropbox/angular/notch-app/src/app/login/password-confirmation/password-confirmation.component.css", "CSS", 0, 0, 0, 0, 0, 0, 0, 1, 1
"/Users/tyshowers/Dropbox/angular/notch-app/src/app/login/password-confirmation/password-confirmation.component.html", "HTML", 0, 0, 0, 0, 26, 0, 0, 1, 27
"/Users/tyshowers/Dropbox/angular/notch-app/src/app/login/password-confirmation/password-confirmation.component.ts", "TypeScript", 0, 0, 15, 0, 0, 0, 0, 6, 21
"/Users/tyshowers/Dropbox/angular/notch-app/src/app/login/password-reset-and-confirmation/password-reset-and-confirmation.component.css", "CSS", 0, 0, 0, 0, 0, 0, 0, 1, 1
"/Users/tyshowers/Dropbox/angular/notch-app/src/app/login/password-reset-and-confirmation/password-reset-and-confirmation.component.html", "HTML", 0, 0, 0, 0, 1, 0, 0, 1, 2
"/Users/tyshowers/Dropbox/angular/notch-app/src/app/login/password-reset-and-confirmation/password-reset-and-confirmation.component.spec.ts", "TypeScript", 0, 0, 20, 0, 0, 0, 0, 6, 26
"/Users/tyshowers/Dropbox/angular/notch-app/src/app/login/password-reset-and-confirmation/password-reset-and-confirmation.component.ts", "TypeScript", 0, 0, 11, 0, 0, 0, 0, 5, 16
"/Users/tyshowers/Dropbox/angular/notch-app/src/app/login/passwordless-auth/passwordless-auth.component.css", "CSS", 0, 0, 0, 0, 0, 0, 0, 1, 1
"/Users/tyshowers/Dropbox/angular/notch-app/src/app/login/passwordless-auth/passwordless-auth.component.html", "HTML", 0, 0, 0, 0, 43, 0, 2, 5, 50
"/Users/tyshowers/Dropbox/angular/notch-app/src/app/login/passwordless-auth/passwordless-auth.component.spec.ts", "TypeScript", 0, 0, 20, 0, 0, 0, 0, 6, 26
"/Users/tyshowers/Dropbox/angular/notch-app/src/app/login/passwordless-auth/passwordless-auth.component.ts", "TypeScript", 0, 0, 56, 0, 0, 0, 3, 22, 81
"/Users/tyshowers/Dropbox/angular/notch-app/src/app/login/sign-out/sign-out.component.css", "CSS", 0, 0, 0, 0, 0, 0, 0, 1, 1
"/Users/tyshowers/Dropbox/angular/notch-app/src/app/login/sign-out/sign-out.component.html", "HTML", 0, 0, 0, 0, 19, 0, 0, 2, 21
"/Users/tyshowers/Dropbox/angular/notch-app/src/app/login/sign-out/sign-out.component.ts", "TypeScript", 0, 0, 14, 0, 0, 0, 0, 5, 19
"/Users/tyshowers/Dropbox/angular/notch-app/src/app/models/address.model.ts", "TypeScript", 0, 0, 2, 0, 0, 0, 0, 1, 3
"/Users/tyshowers/Dropbox/angular/notch-app/src/app/models/customer.model.ts", "TypeScript", 0, 0, 2, 0, 0, 0, 0, 1, 3
"/Users/tyshowers/Dropbox/angular/notch-app/src/app/models/lab-order.model.ts", "TypeScript", 0, 0, 78, 0, 0, 0, 0, 77, 155
"/Users/tyshowers/Dropbox/angular/notch-app/src/app/models/order.model.ts", "TypeScript", 0, 0, 2, 0, 0, 0, 0, 1, 3
"/Users/tyshowers/Dropbox/angular/notch-app/src/app/models/preference.model.ts", "TypeScript", 0, 0, 2, 0, 0, 0, 0, 1, 3
"/Users/tyshowers/Dropbox/angular/notch-app/src/app/models/profile.model.ts", "TypeScript", 0, 0, 30, 0, 0, 0, 0, 0, 30
"/Users/tyshowers/Dropbox/angular/notch-app/src/app/models/settings.model.ts", "TypeScript", 0, 0, 337, 0, 0, 0, 0, 87, 424
"/Users/tyshowers/Dropbox/angular/notch-app/src/app/models/test-kit-order.model.ts", "TypeScript", 0, 0, 52, 0, 0, 0, 0, 3, 55
"/Users/tyshowers/Dropbox/angular/notch-app/src/app/models/user.model.ts", "TypeScript", 0, 0, 30, 0, 0, 0, 0, 0, 30
"/Users/tyshowers/Dropbox/angular/notch-app/src/app/orders/order-filter.pipe.spec.ts", "TypeScript", 0, 0, 7, 0, 0, 0, 0, 2, 9
"/Users/tyshowers/Dropbox/angular/notch-app/src/app/orders/order-filter.pipe.ts", "TypeScript", 0, 0, 55, 0, 0, 0, 0, 8, 63
"/Users/tyshowers/Dropbox/angular/notch-app/src/app/orders/order-home/order-home.component.css", "CSS", 6, 0, 0, 0, 0, 0, 0, 1, 7
"/Users/tyshowers/Dropbox/angular/notch-app/src/app/orders/order-home/order-home.component.html", "HTML", 0, 0, 0, 0, 30, 0, 0, 2, 32
"/Users/tyshowers/Dropbox/angular/notch-app/src/app/orders/order-home/order-home.component.spec.ts", "TypeScript", 0, 0, 20, 0, 0, 0, 0, 6, 26
"/Users/tyshowers/Dropbox/angular/notch-app/src/app/orders/order-home/order-home.component.ts", "TypeScript", 0, 0, 84, 0, 0, 0, 0, 16, 100
"/Users/tyshowers/Dropbox/angular/notch-app/src/app/orders/order-list/order-list.component.css", "CSS", 0, 0, 0, 0, 0, 0, 0, 1, 1
"/Users/tyshowers/Dropbox/angular/notch-app/src/app/orders/order-list/order-list.component.html", "HTML", 0, 0, 0, 0, 33, 0, 0, 2, 35
"/Users/tyshowers/Dropbox/angular/notch-app/src/app/orders/order-list/order-list.component.spec.ts", "TypeScript", 0, 0, 20, 0, 0, 0, 0, 6, 26
"/Users/tyshowers/Dropbox/angular/notch-app/src/app/orders/order-list/order-list.component.ts", "TypeScript", 0, 0, 50, 0, 0, 0, 3, 19, 72
"/Users/tyshowers/Dropbox/angular/notch-app/src/app/orders/order-view/order-view.component.css", "CSS", 0, 0, 0, 0, 0, 0, 0, 1, 1
"/Users/tyshowers/Dropbox/angular/notch-app/src/app/orders/order-view/order-view.component.html", "HTML", 0, 0, 0, 0, 63, 0, 0, 3, 66
"/Users/tyshowers/Dropbox/angular/notch-app/src/app/orders/order-view/order-view.component.spec.ts", "TypeScript", 0, 0, 20, 0, 0, 0, 0, 6, 26
"/Users/tyshowers/Dropbox/angular/notch-app/src/app/orders/order-view/order-view.component.ts", "TypeScript", 0, 0, 24, 0, 0, 0, 0, 12, 36
"/Users/tyshowers/Dropbox/angular/notch-app/src/app/orders/orders-routing.module.ts", "TypeScript", 0, 0, 10, 0, 0, 0, 0, 3, 13
"/Users/tyshowers/Dropbox/angular/notch-app/src/app/orders/orders.component.css", "CSS", 0, 0, 0, 0, 0, 0, 0, 1, 1
"/Users/tyshowers/Dropbox/angular/notch-app/src/app/orders/orders.component.html", "HTML", 0, 0, 0, 0, 1, 0, 0, 1, 2
"/Users/tyshowers/Dropbox/angular/notch-app/src/app/orders/orders.component.spec.ts", "TypeScript", 0, 0, 20, 0, 0, 0, 0, 6, 26
"/Users/tyshowers/Dropbox/angular/notch-app/src/app/orders/orders.component.ts", "TypeScript", 0, 0, 11, 0, 0, 0, 0, 5, 16
"/Users/tyshowers/Dropbox/angular/notch-app/src/app/orders/orders.module.ts", "TypeScript", 0, 0, 28, 0, 0, 0, 0, 4, 32
"/Users/tyshowers/Dropbox/angular/notch-app/src/app/profile/avatar-edit/avatar-edit.component.css", "CSS", 0, 0, 0, 0, 0, 0, 0, 1, 1
"/Users/tyshowers/Dropbox/angular/notch-app/src/app/profile/avatar-edit/avatar-edit.component.html", "HTML", 0, 0, 0, 0, 20, 0, 0, 0, 20
"/Users/tyshowers/Dropbox/angular/notch-app/src/app/profile/avatar-edit/avatar-edit.component.ts", "TypeScript", 0, 0, 16, 0, 0, 0, 0, 7, 23
"/Users/tyshowers/Dropbox/angular/notch-app/src/app/profile/lab-results/lab-results.component.css", "CSS", 3, 0, 0, 0, 0, 0, 0, 0, 3
"/Users/tyshowers/Dropbox/angular/notch-app/src/app/profile/lab-results/lab-results.component.html", "HTML", 0, 0, 0, 0, 31, 0, 0, 2, 33
"/Users/tyshowers/Dropbox/angular/notch-app/src/app/profile/lab-results/lab-results.component.ts", "TypeScript", 0, 0, 234, 0, 0, 0, 6, 16, 256
"/Users/tyshowers/Dropbox/angular/notch-app/src/app/profile/login-edit/login-edit.component.css", "CSS", 0, 0, 0, 0, 0, 0, 0, 1, 1
"/Users/tyshowers/Dropbox/angular/notch-app/src/app/profile/login-edit/login-edit.component.html", "HTML", 0, 0, 0, 0, 14, 0, 0, 1, 15
"/Users/tyshowers/Dropbox/angular/notch-app/src/app/profile/login-edit/login-edit.component.ts", "TypeScript", 0, 0, 22, 0, 0, 0, 0, 8, 30
"/Users/tyshowers/Dropbox/angular/notch-app/src/app/profile/profile-display/profile-display.component.css", "CSS", 0, 0, 0, 0, 0, 0, 0, 1, 1
"/Users/tyshowers/Dropbox/angular/notch-app/src/app/profile/profile-display/profile-display.component.html", "HTML", 0, 0, 0, 0, 179, 0, 16, 10, 205
"/Users/tyshowers/Dropbox/angular/notch-app/src/app/profile/profile-display/profile-display.component.ts", "TypeScript", 0, 0, 124, 0, 0, 0, 0, 31, 155
"/Users/tyshowers/Dropbox/angular/notch-app/src/app/profile/profile-edit/profile-edit.component.css", "CSS", 7, 0, 0, 0, 0, 0, 2, 1, 10
"/Users/tyshowers/Dropbox/angular/notch-app/src/app/profile/profile-edit/profile-edit.component.html", "HTML", 0, 0, 0, 0, 105, 0, 11, 55, 171
"/Users/tyshowers/Dropbox/angular/notch-app/src/app/profile/profile-edit/profile-edit.component.ts", "TypeScript", 0, 0, 40, 0, 0, 0, 1, 14, 55
"/Users/tyshowers/Dropbox/angular/notch-app/src/app/register/account-login-error/account-login-error.component.css", "CSS", 0, 0, 0, 0, 0, 0, 0, 1, 1
"/Users/tyshowers/Dropbox/angular/notch-app/src/app/register/account-login-error/account-login-error.component.html", "HTML", 0, 0, 0, 0, 18, 0, 0, 1, 19
"/Users/tyshowers/Dropbox/angular/notch-app/src/app/register/account-login-error/account-login-error.component.ts", "TypeScript", 0, 0, 19, 0, 0, 0, 0, 9, 28
"/Users/tyshowers/Dropbox/angular/notch-app/src/app/register/account-query/account-query.component.css", "CSS", 19, 0, 0, 0, 0, 0, 0, 1, 20
"/Users/tyshowers/Dropbox/angular/notch-app/src/app/register/account-query/account-query.component.html", "HTML", 0, 0, 0, 0, 36, 0, 0, 3, 39
"/Users/tyshowers/Dropbox/angular/notch-app/src/app/register/account-query/account-query.component.ts", "TypeScript", 0, 0, 37, 0, 0, 0, 1, 12, 50
"/Users/tyshowers/Dropbox/angular/notch-app/src/app/register/kit-number-not-found/kit-number-not-found.component.css", "CSS", 0, 0, 0, 0, 0, 0, 0, 1, 1
"/Users/tyshowers/Dropbox/angular/notch-app/src/app/register/kit-number-not-found/kit-number-not-found.component.html", "HTML", 0, 0, 0, 0, 18, 0, 0, 2, 20
"/Users/tyshowers/Dropbox/angular/notch-app/src/app/register/kit-number-not-found/kit-number-not-found.component.ts", "TypeScript", 0, 0, 16, 0, 0, 0, 0, 7, 23
"/Users/tyshowers/Dropbox/angular/notch-app/src/app/register/kit-registration/kit-registration.component.css", "CSS", 7, 0, 0, 0, 0, 0, 2, 1, 10
"/Users/tyshowers/Dropbox/angular/notch-app/src/app/register/kit-registration/kit-registration.component.html", "HTML", 0, 0, 0, 0, 162, 0, 31, 5, 198
"/Users/tyshowers/Dropbox/angular/notch-app/src/app/register/kit-registration/kit-registration.component.ts", "TypeScript", 0, 0, 219, 0, 0, 0, 11, 48, 278
"/Users/tyshowers/Dropbox/angular/notch-app/src/app/register/new-account-request/new-account-request.component.css", "CSS", 19, 0, 0, 0, 0, 0, 0, 1, 20
"/Users/tyshowers/Dropbox/angular/notch-app/src/app/register/new-account-request/new-account-request.component.html", "HTML", 0, 0, 0, 0, 33, 0, 0, 0, 33
"/Users/tyshowers/Dropbox/angular/notch-app/src/app/register/new-account-request/new-account-request.component.ts", "TypeScript", 0, 0, 36, 0, 0, 0, 0, 12, 48
"/Users/tyshowers/Dropbox/angular/notch-app/src/app/register/registration-summary/registration-summary.component.css", "CSS", 0, 0, 0, 0, 0, 0, 0, 1, 1
"/Users/tyshowers/Dropbox/angular/notch-app/src/app/register/registration-summary/registration-summary.component.html", "HTML", 0, 0, 0, 0, 147, 0, 0, 0, 147
"/Users/tyshowers/Dropbox/angular/notch-app/src/app/register/registration-summary/registration-summary.component.ts", "TypeScript", 0, 0, 95, 0, 0, 0, 1, 20, 116
"/Users/tyshowers/Dropbox/angular/notch-app/src/app/register/test-kit-data-correction/test-kit-data-correction.component.css", "CSS", 0, 0, 0, 0, 0, 0, 0, 1, 1
"/Users/tyshowers/Dropbox/angular/notch-app/src/app/register/test-kit-data-correction/test-kit-data-correction.component.html", "HTML", 0, 0, 0, 0, 129, 0, 0, 10, 139
"/Users/tyshowers/Dropbox/angular/notch-app/src/app/register/test-kit-data-correction/test-kit-data-correction.component.spec.ts", "TypeScript", 0, 0, 20, 0, 0, 0, 0, 6, 26
"/Users/tyshowers/Dropbox/angular/notch-app/src/app/register/test-kit-data-correction/test-kit-data-correction.component.ts", "TypeScript", 0, 0, 39, 0, 0, 0, 0, 14, 53
"/Users/tyshowers/Dropbox/angular/notch-app/src/app/settings/about/product1/product1.component.css", "CSS", 0, 0, 0, 0, 0, 0, 0, 1, 1
"/Users/tyshowers/Dropbox/angular/notch-app/src/app/settings/about/product1/product1.component.html", "HTML", 0, 0, 0, 0, 150, 0, 0, 2, 152
"/Users/tyshowers/Dropbox/angular/notch-app/src/app/settings/about/product1/product1.component.spec.ts", "TypeScript", 0, 0, 20, 0, 0, 0, 0, 6, 26
"/Users/tyshowers/Dropbox/angular/notch-app/src/app/settings/about/product1/product1.component.ts", "TypeScript", 0, 0, 52, 0, 0, 0, 0, 16, 68
"/Users/tyshowers/Dropbox/angular/notch-app/src/app/settings/about/product2/product2.component.css", "CSS", 0, 0, 0, 0, 0, 0, 0, 1, 1
"/Users/tyshowers/Dropbox/angular/notch-app/src/app/settings/about/product2/product2.component.html", "HTML", 0, 0, 0, 0, 124, 0, 0, 2, 126
"/Users/tyshowers/Dropbox/angular/notch-app/src/app/settings/about/product2/product2.component.spec.ts", "TypeScript", 0, 0, 20, 0, 0, 0, 0, 6, 26
"/Users/tyshowers/Dropbox/angular/notch-app/src/app/settings/about/product2/product2.component.ts", "TypeScript", 0, 0, 45, 0, 0, 0, 0, 10, 55
"/Users/tyshowers/Dropbox/angular/notch-app/src/app/settings/about/product3/product3.component.css", "CSS", 0, 0, 0, 0, 0, 0, 0, 1, 1
"/Users/tyshowers/Dropbox/angular/notch-app/src/app/settings/about/product3/product3.component.html", "HTML", 0, 0, 0, 0, 116, 0, 0, 1, 117
"/Users/tyshowers/Dropbox/angular/notch-app/src/app/settings/about/product3/product3.component.spec.ts", "TypeScript", 0, 0, 20, 0, 0, 0, 0, 6, 26
"/Users/tyshowers/Dropbox/angular/notch-app/src/app/settings/about/product3/product3.component.ts", "TypeScript", 0, 0, 46, 0, 0, 0, 0, 10, 56
"/Users/tyshowers/Dropbox/angular/notch-app/src/app/settings/about/product4/product4.component.css", "CSS", 0, 0, 0, 0, 0, 0, 0, 1, 1
"/Users/tyshowers/Dropbox/angular/notch-app/src/app/settings/about/product4/product4.component.html", "HTML", 0, 0, 0, 0, 166, 0, 0, 2, 168
"/Users/tyshowers/Dropbox/angular/notch-app/src/app/settings/about/product4/product4.component.spec.ts", "TypeScript", 0, 0, 20, 0, 0, 0, 0, 6, 26
"/Users/tyshowers/Dropbox/angular/notch-app/src/app/settings/about/product4/product4.component.ts", "TypeScript", 0, 0, 50, 0, 0, 0, 0, 12, 62
"/Users/tyshowers/Dropbox/angular/notch-app/src/app/settings/about/product5/product5.component.css", "CSS", 0, 0, 0, 0, 0, 0, 0, 1, 1
"/Users/tyshowers/Dropbox/angular/notch-app/src/app/settings/about/product5/product5.component.html", "HTML", 0, 0, 0, 0, 106, 0, 0, 1, 107
"/Users/tyshowers/Dropbox/angular/notch-app/src/app/settings/about/product5/product5.component.spec.ts", "TypeScript", 0, 0, 20, 0, 0, 0, 0, 6, 26
"/Users/tyshowers/Dropbox/angular/notch-app/src/app/settings/about/product5/product5.component.ts", "TypeScript", 0, 0, 49, 0, 0, 0, 0, 13, 62
"/Users/tyshowers/Dropbox/angular/notch-app/src/app/settings/about/product6/product6.component.css", "CSS", 0, 0, 0, 0, 0, 0, 0, 1, 1
"/Users/tyshowers/Dropbox/angular/notch-app/src/app/settings/about/product6/product6.component.html", "HTML", 0, 0, 0, 0, 106, 0, 0, 1, 107
"/Users/tyshowers/Dropbox/angular/notch-app/src/app/settings/about/product6/product6.component.spec.ts", "TypeScript", 0, 0, 20, 0, 0, 0, 0, 6, 26
"/Users/tyshowers/Dropbox/angular/notch-app/src/app/settings/about/product6/product6.component.ts", "TypeScript", 0, 0, 44, 0, 0, 0, 0, 12, 56
"/Users/tyshowers/Dropbox/angular/notch-app/src/app/settings/about/product7/product7.component.css", "CSS", 0, 0, 0, 0, 0, 0, 0, 1, 1
"/Users/tyshowers/Dropbox/angular/notch-app/src/app/settings/about/product7/product7.component.html", "HTML", 0, 0, 0, 0, 106, 0, 0, 1, 107
"/Users/tyshowers/Dropbox/angular/notch-app/src/app/settings/about/product7/product7.component.spec.ts", "TypeScript", 0, 0, 20, 0, 0, 0, 0, 6, 26
"/Users/tyshowers/Dropbox/angular/notch-app/src/app/settings/about/product7/product7.component.ts", "TypeScript", 0, 0, 44, 0, 0, 0, 0, 14, 58
"/Users/tyshowers/Dropbox/angular/notch-app/src/app/settings/marketing/cart/cart.component.css", "CSS", 0, 0, 0, 0, 0, 0, 0, 1, 1
"/Users/tyshowers/Dropbox/angular/notch-app/src/app/settings/marketing/cart/cart.component.html", "HTML", 0, 0, 0, 0, 21, 0, 0, 2, 23
"/Users/tyshowers/Dropbox/angular/notch-app/src/app/settings/marketing/cart/cart.component.spec.ts", "TypeScript", 0, 0, 20, 0, 0, 0, 0, 6, 26
"/Users/tyshowers/Dropbox/angular/notch-app/src/app/settings/marketing/cart/cart.component.ts", "TypeScript", 0, 0, 34, 0, 0, 0, 0, 11, 45
"/Users/tyshowers/Dropbox/angular/notch-app/src/app/settings/marketing/catalog1/catalog1.component.css", "CSS", 0, 0, 0, 0, 0, 0, 0, 1, 1
"/Users/tyshowers/Dropbox/angular/notch-app/src/app/settings/marketing/catalog1/catalog1.component.html", "HTML", 0, 0, 0, 0, 21, 0, 0, 2, 23
"/Users/tyshowers/Dropbox/angular/notch-app/src/app/settings/marketing/catalog1/catalog1.component.spec.ts", "TypeScript", 0, 0, 20, 0, 0, 0, 0, 6, 26
"/Users/tyshowers/Dropbox/angular/notch-app/src/app/settings/marketing/catalog1/catalog1.component.ts", "TypeScript", 0, 0, 34, 0, 0, 0, 0, 10, 44
"/Users/tyshowers/Dropbox/angular/notch-app/src/app/settings/marketing/contact-us1/contact-us1.component.css", "CSS", 0, 0, 0, 0, 0, 0, 0, 1, 1
"/Users/tyshowers/Dropbox/angular/notch-app/src/app/settings/marketing/contact-us1/contact-us1.component.html", "HTML", 0, 0, 0, 0, 46, 0, 0, 1, 47
"/Users/tyshowers/Dropbox/angular/notch-app/src/app/settings/marketing/contact-us1/contact-us1.component.spec.ts", "TypeScript", 0, 0, 20, 0, 0, 0, 0, 6, 26
"/Users/tyshowers/Dropbox/angular/notch-app/src/app/settings/marketing/contact-us1/contact-us1.component.ts", "TypeScript", 0, 0, 38, 0, 0, 0, 0, 12, 50
"/Users/tyshowers/Dropbox/angular/notch-app/src/app/settings/marketing/faq1/faq1.component.css", "CSS", 0, 0, 0, 0, 0, 0, 0, 1, 1
"/Users/tyshowers/Dropbox/angular/notch-app/src/app/settings/marketing/faq1/faq1.component.html", "HTML", 0, 0, 0, 0, 106, 0, 0, 1, 107
"/Users/tyshowers/Dropbox/angular/notch-app/src/app/settings/marketing/faq1/faq1.component.spec.ts", "TypeScript", 0, 0, 20, 0, 0, 0, 0, 6, 26
"/Users/tyshowers/Dropbox/angular/notch-app/src/app/settings/marketing/faq1/faq1.component.ts", "TypeScript", 0, 0, 44, 0, 0, 0, 0, 13, 57
"/Users/tyshowers/Dropbox/angular/notch-app/src/app/settings/marketing/faq2/faq2.component.css", "CSS", 0, 0, 0, 0, 0, 0, 0, 1, 1
"/Users/tyshowers/Dropbox/angular/notch-app/src/app/settings/marketing/faq2/faq2.component.html", "HTML", 0, 0, 0, 0, 126, 0, 0, 1, 127
"/Users/tyshowers/Dropbox/angular/notch-app/src/app/settings/marketing/faq2/faq2.component.spec.ts", "TypeScript", 0, 0, 20, 0, 0, 0, 0, 6, 26
"/Users/tyshowers/Dropbox/angular/notch-app/src/app/settings/marketing/faq2/faq2.component.ts", "TypeScript", 0, 0, 46, 0, 0, 0, 0, 14, 60
"/Users/tyshowers/Dropbox/angular/notch-app/src/app/settings/marketing/faq3/faq3.component.css", "CSS", 0, 0, 0, 0, 0, 0, 0, 1, 1
"/Users/tyshowers/Dropbox/angular/notch-app/src/app/settings/marketing/faq3/faq3.component.html", "HTML", 0, 0, 0, 0, 115, 0, 0, 1, 116
"/Users/tyshowers/Dropbox/angular/notch-app/src/app/settings/marketing/faq3/faq3.component.spec.ts", "TypeScript", 0, 0, 20, 0, 0, 0, 0, 6, 26
"/Users/tyshowers/Dropbox/angular/notch-app/src/app/settings/marketing/faq3/faq3.component.ts", "TypeScript", 0, 0, 45, 0, 0, 0, 0, 15, 60
"/Users/tyshowers/Dropbox/angular/notch-app/src/app/settings/marketing/features1/features1.component.css", "CSS", 0, 0, 0, 0, 0, 0, 0, 1, 1
"/Users/tyshowers/Dropbox/angular/notch-app/src/app/settings/marketing/features1/features1.component.html", "HTML", 0, 0, 0, 0, 136, 0, 0, 1, 137
"/Users/tyshowers/Dropbox/angular/notch-app/src/app/settings/marketing/features1/features1.component.spec.ts", "TypeScript", 0, 0, 20, 0, 0, 0, 0, 6, 26
"/Users/tyshowers/Dropbox/angular/notch-app/src/app/settings/marketing/features1/features1.component.ts", "TypeScript", 0, 0, 47, 0, 0, 0, 0, 15, 62
"/Users/tyshowers/Dropbox/angular/notch-app/src/app/settings/marketing/features2/features2.component.css", "CSS", 0, 0, 0, 0, 0, 0, 0, 1, 1
"/Users/tyshowers/Dropbox/angular/notch-app/src/app/settings/marketing/features2/features2.component.html", "HTML", 0, 0, 0, 0, 136, 0, 0, 1, 137
"/Users/tyshowers/Dropbox/angular/notch-app/src/app/settings/marketing/features2/features2.component.spec.ts", "TypeScript", 0, 0, 20, 0, 0, 0, 0, 6, 26
"/Users/tyshowers/Dropbox/angular/notch-app/src/app/settings/marketing/features2/features2.component.ts", "TypeScript", 0, 0, 47, 0, 0, 0, 0, 14, 61
"/Users/tyshowers/Dropbox/angular/notch-app/src/app/settings/marketing/features3/features3.component.css", "CSS", 0, 0, 0, 0, 0, 0, 0, 1, 1
"/Users/tyshowers/Dropbox/angular/notch-app/src/app/settings/marketing/features3/features3.component.html", "HTML", 0, 0, 0, 0, 236, 0, 0, 1, 237
"/Users/tyshowers/Dropbox/angular/notch-app/src/app/settings/marketing/features3/features3.component.spec.ts", "TypeScript", 0, 0, 20, 0, 0, 0, 0, 6, 26
"/Users/tyshowers/Dropbox/angular/notch-app/src/app/settings/marketing/features3/features3.component.ts", "TypeScript", 0, 0, 57, 0, 0, 0, 0, 17, 74
"/Users/tyshowers/Dropbox/angular/notch-app/src/app/settings/marketing/features4/features4.component.css", "CSS", 0, 0, 0, 0, 0, 0, 0, 1, 1
"/Users/tyshowers/Dropbox/angular/notch-app/src/app/settings/marketing/features4/features4.component.html", "HTML", 0, 0, 0, 0, 166, 0, 0, 1, 167
"/Users/tyshowers/Dropbox/angular/notch-app/src/app/settings/marketing/features4/features4.component.spec.ts", "TypeScript", 0, 0, 20, 0, 0, 0, 0, 6, 26
"/Users/tyshowers/Dropbox/angular/notch-app/src/app/settings/marketing/features4/features4.component.ts", "TypeScript", 0, 0, 50, 0, 0, 0, 0, 15, 65
"/Users/tyshowers/Dropbox/angular/notch-app/src/app/settings/marketing/features5/features5.component.css", "CSS", 0, 0, 0, 0, 0, 0, 0, 1, 1
"/Users/tyshowers/Dropbox/angular/notch-app/src/app/settings/marketing/features5/features5.component.html", "HTML", 0, 0, 0, 0, 136, 0, 0, 1, 137
"/Users/tyshowers/Dropbox/angular/notch-app/src/app/settings/marketing/features5/features5.component.spec.ts", "TypeScript", 0, 0, 20, 0, 0, 0, 0, 6, 26
"/Users/tyshowers/Dropbox/angular/notch-app/src/app/settings/marketing/features5/features5.component.ts", "TypeScript", 0, 0, 47, 0, 0, 0, 0, 15, 62
"/Users/tyshowers/Dropbox/angular/notch-app/src/app/settings/marketing/features6/features6.component.css", "CSS", 0, 0, 0, 0, 0, 0, 0, 1, 1
"/Users/tyshowers/Dropbox/angular/notch-app/src/app/settings/marketing/features6/features6.component.html", "HTML", 0, 0, 0, 0, 1, 0, 0, 1, 2
"/Users/tyshowers/Dropbox/angular/notch-app/src/app/settings/marketing/features6/features6.component.spec.ts", "TypeScript", 0, 0, 20, 0, 0, 0, 0, 6, 26
"/Users/tyshowers/Dropbox/angular/notch-app/src/app/settings/marketing/features6/features6.component.ts", "TypeScript", 0, 0, 34, 0, 0, 0, 0, 10, 44
"/Users/tyshowers/Dropbox/angular/notch-app/src/app/settings/marketing/footer1/footer1.component.css", "CSS", 0, 0, 0, 0, 0, 0, 0, 1, 1
"/Users/tyshowers/Dropbox/angular/notch-app/src/app/settings/marketing/footer1/footer1.component.html", "HTML", 0, 0, 0, 0, 367, 0, 0, 1, 368
"/Users/tyshowers/Dropbox/angular/notch-app/src/app/settings/marketing/footer1/footer1.component.spec.ts", "TypeScript", 0, 0, 20, 0, 0, 0, 0, 6, 26
"/Users/tyshowers/Dropbox/angular/notch-app/src/app/settings/marketing/footer1/footer1.component.ts", "TypeScript", 0, 0, 72, 0, 0, 0, 0, 15, 87
"/Users/tyshowers/Dropbox/angular/notch-app/src/app/settings/marketing/how-to/how-to.component.css", "CSS", 0, 0, 0, 0, 0, 0, 0, 1, 1
"/Users/tyshowers/Dropbox/angular/notch-app/src/app/settings/marketing/how-to/how-to.component.html", "HTML", 0, 0, 0, 0, 106, 0, 0, 1, 107
"/Users/tyshowers/Dropbox/angular/notch-app/src/app/settings/marketing/how-to/how-to.component.spec.ts", "TypeScript", 0, 0, 20, 0, 0, 0, 0, 6, 26
"/Users/tyshowers/Dropbox/angular/notch-app/src/app/settings/marketing/how-to/how-to.component.ts", "TypeScript", 0, 0, 44, 0, 0, 0, 0, 12, 56
"/Users/tyshowers/Dropbox/angular/notch-app/src/app/settings/marketing/video1/video1.component.css", "CSS", 0, 0, 0, 0, 0, 0, 0, 1, 1
"/Users/tyshowers/Dropbox/angular/notch-app/src/app/settings/marketing/video1/video1.component.html", "HTML", 0, 0, 0, 0, 66, 0, 0, 1, 67
"/Users/tyshowers/Dropbox/angular/notch-app/src/app/settings/marketing/video1/video1.component.spec.ts", "TypeScript", 0, 0, 20, 0, 0, 0, 0, 6, 26
"/Users/tyshowers/Dropbox/angular/notch-app/src/app/settings/marketing/video1/video1.component.ts", "TypeScript", 0, 0, 40, 0, 0, 0, 0, 12, 52
"/Users/tyshowers/Dropbox/angular/notch-app/src/app/settings/marketing/video2/video2.component.css", "CSS", 0, 0, 0, 0, 0, 0, 0, 1, 1
"/Users/tyshowers/Dropbox/angular/notch-app/src/app/settings/marketing/video2/video2.component.html", "HTML", 0, 0, 0, 0, 66, 0, 0, 1, 67
"/Users/tyshowers/Dropbox/angular/notch-app/src/app/settings/marketing/video2/video2.component.spec.ts", "TypeScript", 0, 0, 20, 0, 0, 0, 0, 6, 26
"/Users/tyshowers/Dropbox/angular/notch-app/src/app/settings/marketing/video2/video2.component.ts", "TypeScript", 0, 0, 40, 0, 0, 0, 0, 11, 51
"/Users/tyshowers/Dropbox/angular/notch-app/src/app/settings/settings-routing.module.ts", "TypeScript", 0, 0, 90, 0, 0, 0, 0, 4, 94
"/Users/tyshowers/Dropbox/angular/notch-app/src/app/settings/settings.component.css", "CSS", 0, 0, 0, 0, 0, 0, 0, 1, 1
"/Users/tyshowers/Dropbox/angular/notch-app/src/app/settings/settings.component.html", "HTML", 0, 0, 0, 0, 226, 0, 0, 0, 226
"/Users/tyshowers/Dropbox/angular/notch-app/src/app/settings/settings.component.spec.ts", "TypeScript", 0, 0, 20, 0, 0, 0, 0, 6, 26
"/Users/tyshowers/Dropbox/angular/notch-app/src/app/settings/settings.component.ts", "TypeScript", 0, 0, 170, 0, 0, 0, 0, 19, 189
"/Users/tyshowers/Dropbox/angular/notch-app/src/app/settings/settings.module.ts", "TypeScript", 0, 0, 99, 0, 0, 0, 0, 5, 104
"/Users/tyshowers/Dropbox/angular/notch-app/src/app/settings/widget/display-name/display-name.component.css", "CSS", 0, 0, 0, 0, 0, 0, 0, 1, 1
"/Users/tyshowers/Dropbox/angular/notch-app/src/app/settings/widget/display-name/display-name.component.html", "HTML", 0, 0, 0, 0, 21, 0, 0, 2, 23
"/Users/tyshowers/Dropbox/angular/notch-app/src/app/settings/widget/display-name/display-name.component.spec.ts", "TypeScript", 0, 0, 20, 0, 0, 0, 0, 6, 26
"/Users/tyshowers/Dropbox/angular/notch-app/src/app/settings/widget/display-name/display-name.component.ts", "TypeScript", 0, 0, 34, 0, 0, 0, 0, 10, 44
"/Users/tyshowers/Dropbox/angular/notch-app/src/app/settings/widget/feed/feed.component.css", "CSS", 0, 0, 0, 0, 0, 0, 0, 1, 1
"/Users/tyshowers/Dropbox/angular/notch-app/src/app/settings/widget/feed/feed.component.html", "HTML", 0, 0, 0, 0, 21, 0, 0, 2, 23
"/Users/tyshowers/Dropbox/angular/notch-app/src/app/settings/widget/feed/feed.component.spec.ts", "TypeScript", 0, 0, 20, 0, 0, 0, 0, 6, 26
"/Users/tyshowers/Dropbox/angular/notch-app/src/app/settings/widget/feed/feed.component.ts", "TypeScript", 0, 0, 34, 0, 0, 0, 0, 9, 43
"/Users/tyshowers/Dropbox/angular/notch-app/src/app/settings/widget/list-badges/list-badges.component.css", "CSS", 0, 0, 0, 0, 0, 0, 0, 1, 1
"/Users/tyshowers/Dropbox/angular/notch-app/src/app/settings/widget/list-badges/list-badges.component.html", "HTML", 0, 0, 0, 0, 21, 0, 0, 4, 25
"/Users/tyshowers/Dropbox/angular/notch-app/src/app/settings/widget/list-badges/list-badges.component.spec.ts", "TypeScript", 0, 0, 20, 0, 0, 0, 0, 6, 26
"/Users/tyshowers/Dropbox/angular/notch-app/src/app/settings/widget/list-badges/list-badges.component.ts", "TypeScript", 0, 0, 34, 0, 0, 0, 0, 9, 43
"/Users/tyshowers/Dropbox/angular/notch-app/src/app/settings/widget/list-order/list-order.component.css", "CSS", 0, 0, 0, 0, 0, 0, 0, 1, 1
"/Users/tyshowers/Dropbox/angular/notch-app/src/app/settings/widget/list-order/list-order.component.html", "HTML", 0, 0, 0, 0, 21, 0, 0, 2, 23
"/Users/tyshowers/Dropbox/angular/notch-app/src/app/settings/widget/list-order/list-order.component.spec.ts", "TypeScript", 0, 0, 20, 0, 0, 0, 0, 6, 26
"/Users/tyshowers/Dropbox/angular/notch-app/src/app/settings/widget/list-order/list-order.component.ts", "TypeScript", 0, 0, 34, 0, 0, 0, 0, 9, 43
"/Users/tyshowers/Dropbox/angular/notch-app/src/app/settings/widget/logo/logo.component.css", "CSS", 0, 0, 0, 0, 0, 0, 0, 1, 1
"/Users/tyshowers/Dropbox/angular/notch-app/src/app/settings/widget/logo/logo.component.html", "HTML", 0, 0, 0, 0, 21, 0, 0, 3, 24
"/Users/tyshowers/Dropbox/angular/notch-app/src/app/settings/widget/logo/logo.component.spec.ts", "TypeScript", 0, 0, 20, 0, 0, 0, 0, 6, 26
"/Users/tyshowers/Dropbox/angular/notch-app/src/app/settings/widget/logo/logo.component.ts", "TypeScript", 0, 0, 34, 0, 0, 0, 0, 9, 43
"/Users/tyshowers/Dropbox/angular/notch-app/src/app/settings/widget/payment-gateway/payment-gateway.component.css", "CSS", 0, 0, 0, 0, 0, 0, 0, 1, 1
"/Users/tyshowers/Dropbox/angular/notch-app/src/app/settings/widget/payment-gateway/payment-gateway.component.html", "HTML", 0, 0, 0, 0, 21, 0, 0, 3, 24
"/Users/tyshowers/Dropbox/angular/notch-app/src/app/settings/widget/payment-gateway/payment-gateway.component.spec.ts", "TypeScript", 0, 0, 20, 0, 0, 0, 0, 6, 26
"/Users/tyshowers/Dropbox/angular/notch-app/src/app/settings/widget/payment-gateway/payment-gateway.component.ts", "TypeScript", 0, 0, 34, 0, 0, 0, 0, 9, 43
"/Users/tyshowers/Dropbox/angular/notch-app/src/app/settings/widget/product/product.component.css", "CSS", 0, 0, 0, 0, 0, 0, 0, 1, 1
"/Users/tyshowers/Dropbox/angular/notch-app/src/app/settings/widget/product/product.component.html", "HTML", 0, 0, 0, 0, 21, 0, 0, 4, 25
"/Users/tyshowers/Dropbox/angular/notch-app/src/app/settings/widget/product/product.component.spec.ts", "TypeScript", 0, 0, 20, 0, 0, 0, 0, 6, 26
"/Users/tyshowers/Dropbox/angular/notch-app/src/app/settings/widget/product/product.component.ts", "TypeScript", 0, 0, 34, 0, 0, 0, 0, 9, 43
"/Users/tyshowers/Dropbox/angular/notch-app/src/app/settings/widget/providers/providers.component.css", "CSS", 0, 0, 0, 0, 0, 0, 0, 1, 1
"/Users/tyshowers/Dropbox/angular/notch-app/src/app/settings/widget/providers/providers.component.html", "HTML", 0, 0, 0, 0, 21, 0, 0, 2, 23
"/Users/tyshowers/Dropbox/angular/notch-app/src/app/settings/widget/providers/providers.component.spec.ts", "TypeScript", 0, 0, 20, 0, 0, 0, 0, 6, 26
"/Users/tyshowers/Dropbox/angular/notch-app/src/app/settings/widget/providers/providers.component.ts", "TypeScript", 0, 0, 34, 0, 0, 0, 0, 9, 43
"/Users/tyshowers/Dropbox/angular/notch-app/src/app/settings/widget/stats12/stats12.component.css", "CSS", 0, 0, 0, 0, 0, 0, 0, 1, 1
"/Users/tyshowers/Dropbox/angular/notch-app/src/app/settings/widget/stats12/stats12.component.html", "HTML", 0, 0, 0, 0, 21, 0, 0, 2, 23
"/Users/tyshowers/Dropbox/angular/notch-app/src/app/settings/widget/stats12/stats12.component.spec.ts", "TypeScript", 0, 0, 20, 0, 0, 0, 0, 6, 26
"/Users/tyshowers/Dropbox/angular/notch-app/src/app/settings/widget/stats12/stats12.component.ts", "TypeScript", 0, 0, 34, 0, 0, 0, 0, 9, 43
"/Users/tyshowers/Dropbox/angular/notch-app/src/app/settings/widget/stats13/stats13.component.css", "CSS", 0, 0, 0, 0, 0, 0, 0, 1, 1
"/Users/tyshowers/Dropbox/angular/notch-app/src/app/settings/widget/stats13/stats13.component.html", "HTML", 0, 0, 0, 0, 21, 0, 0, 2, 23
"/Users/tyshowers/Dropbox/angular/notch-app/src/app/settings/widget/stats13/stats13.component.spec.ts", "TypeScript", 0, 0, 20, 0, 0, 0, 0, 6, 26
"/Users/tyshowers/Dropbox/angular/notch-app/src/app/settings/widget/stats13/stats13.component.ts", "TypeScript", 0, 0, 34, 0, 0, 0, 0, 9, 43
"/Users/tyshowers/Dropbox/angular/notch-app/src/app/settings/widget/stats14/stats14.component.css", "CSS", 0, 0, 0, 0, 0, 0, 0, 1, 1
"/Users/tyshowers/Dropbox/angular/notch-app/src/app/settings/widget/stats14/stats14.component.html", "HTML", 0, 0, 0, 0, 21, 0, 0, 2, 23
"/Users/tyshowers/Dropbox/angular/notch-app/src/app/settings/widget/stats14/stats14.component.spec.ts", "TypeScript", 0, 0, 20, 0, 0, 0, 0, 6, 26
"/Users/tyshowers/Dropbox/angular/notch-app/src/app/settings/widget/stats14/stats14.component.ts", "TypeScript", 0, 0, 34, 0, 0, 0, 0, 9, 43
"/Users/tyshowers/Dropbox/angular/notch-app/src/app/settings/widget/stats15/stats15.component.css", "CSS", 0, 0, 0, 0, 0, 0, 0, 1, 1
"/Users/tyshowers/Dropbox/angular/notch-app/src/app/settings/widget/stats15/stats15.component.html", "HTML", 0, 0, 0, 0, 21, 0, 0, 1, 22
"/Users/tyshowers/Dropbox/angular/notch-app/src/app/settings/widget/stats15/stats15.component.spec.ts", "TypeScript", 0, 0, 20, 0, 0, 0, 0, 6, 26
"/Users/tyshowers/Dropbox/angular/notch-app/src/app/settings/widget/stats15/stats15.component.ts", "TypeScript", 0, 0, 34, 0, 0, 0, 0, 9, 43
"/Users/tyshowers/Dropbox/angular/notch-app/src/app/settings/widget/stats16/stats16.component.css", "CSS", 0, 0, 0, 0, 0, 0, 0, 1, 1
"/Users/tyshowers/Dropbox/angular/notch-app/src/app/settings/widget/stats16/stats16.component.html", "HTML", 0, 0, 0, 0, 21, 0, 0, 1, 22
"/Users/tyshowers/Dropbox/angular/notch-app/src/app/settings/widget/stats16/stats16.component.spec.ts", "TypeScript", 0, 0, 20, 0, 0, 0, 0, 6, 26
"/Users/tyshowers/Dropbox/angular/notch-app/src/app/settings/widget/stats16/stats16.component.ts", "TypeScript", 0, 0, 34, 0, 0, 0, 0, 9, 43
"/Users/tyshowers/Dropbox/angular/notch-app/src/app/settings/widget/table-data/table-data.component.css", "CSS", 0, 0, 0, 0, 0, 0, 0, 1, 1
"/Users/tyshowers/Dropbox/angular/notch-app/src/app/settings/widget/table-data/table-data.component.html", "HTML", 0, 0, 0, 0, 21, 0, 0, 2, 23
"/Users/tyshowers/Dropbox/angular/notch-app/src/app/settings/widget/table-data/table-data.component.spec.ts", "TypeScript", 0, 0, 20, 0, 0, 0, 0, 6, 26
"/Users/tyshowers/Dropbox/angular/notch-app/src/app/settings/widget/table-data/table-data.component.ts", "TypeScript", 0, 0, 34, 0, 0, 0, 0, 9, 43
"/Users/tyshowers/Dropbox/angular/notch-app/src/app/settings/widget/totals/totals.component.css", "CSS", 0, 0, 0, 0, 0, 0, 0, 1, 1
"/Users/tyshowers/Dropbox/angular/notch-app/src/app/settings/widget/totals/totals.component.html", "HTML", 0, 0, 0, 0, 21, 0, 0, 3, 24
"/Users/tyshowers/Dropbox/angular/notch-app/src/app/settings/widget/totals/totals.component.spec.ts", "TypeScript", 0, 0, 20, 0, 0, 0, 0, 6, 26
"/Users/tyshowers/Dropbox/angular/notch-app/src/app/settings/widget/totals/totals.component.ts", "TypeScript", 0, 0, 34, 0, 0, 0, 0, 9, 43
"/Users/tyshowers/Dropbox/angular/notch-app/src/app/settings/widget/viewlistcombo/viewlistcombo.component.css", "CSS", 0, 0, 0, 0, 0, 0, 0, 1, 1
"/Users/tyshowers/Dropbox/angular/notch-app/src/app/settings/widget/viewlistcombo/viewlistcombo.component.html", "HTML", 0, 0, 0, 0, 21, 0, 0, 2, 23
"/Users/tyshowers/Dropbox/angular/notch-app/src/app/settings/widget/viewlistcombo/viewlistcombo.component.spec.ts", "TypeScript", 0, 0, 20, 0, 0, 0, 0, 6, 26
"/Users/tyshowers/Dropbox/angular/notch-app/src/app/settings/widget/viewlistcombo/viewlistcombo.component.ts", "TypeScript", 0, 0, 34, 0, 0, 0, 0, 8, 42
"/Users/tyshowers/Dropbox/angular/notch-app/src/app/shared/auth.guard.ts", "TypeScript", 0, 0, 35, 0, 0, 0, 4, 14, 53
"/Users/tyshowers/Dropbox/angular/notch-app/src/app/shared/auth.service.ts", "TypeScript", 0, 0, 153, 0, 0, 0, 1, 38, 192
"/Users/tyshowers/Dropbox/angular/notch-app/src/app/shared/data.service.ts", "TypeScript", 0, 0, 45, 0, 0, 0, 0, 19, 64
"/Users/tyshowers/Dropbox/angular/notch-app/src/app/shared/firestore.service.ts", "TypeScript", 0, 0, 62, 0, 0, 0, 0, 18, 80
"/Users/tyshowers/Dropbox/angular/notch-app/src/app/shared/kit-registrations.service.spec.ts", "TypeScript", 0, 0, 12, 0, 0, 0, 0, 5, 17
"/Users/tyshowers/Dropbox/angular/notch-app/src/app/shared/kit-registrations.service.ts", "TypeScript", 0, 0, 16, 0, 0, 0, 0, 8, 24
"/Users/tyshowers/Dropbox/angular/notch-app/src/app/shared/lab-orders.service.ts", "TypeScript", 0, 0, 62, 0, 0, 0, 48, 16, 126
"/Users/tyshowers/Dropbox/angular/notch-app/src/app/shared/orders.service.ts", "TypeScript", 0, 0, 48, 0, 0, 0, 1, 14, 63
"/Users/tyshowers/Dropbox/angular/notch-app/src/app/shared/pipes/data-check-mark.pipe.spec.ts", "TypeScript", 0, 0, 7, 0, 0, 0, 0, 2, 9
"/Users/tyshowers/Dropbox/angular/notch-app/src/app/shared/pipes/data-check-mark.pipe.ts", "TypeScript", 0, 0, 9, 0, 0, 0, 0, 4, 13
"/Users/tyshowers/Dropbox/angular/notch-app/src/app/shared/pipes/data-maxlength-column.pipe.spec.ts", "TypeScript", 0, 0, 7, 0, 0, 0, 0, 2, 9
"/Users/tyshowers/Dropbox/angular/notch-app/src/app/shared/pipes/data-maxlength-column.pipe.ts", "TypeScript", 0, 0, 13, 0, 0, 0, 0, 4, 17
"/Users/tyshowers/Dropbox/angular/notch-app/src/app/shared/pipes/sentence.pipe.ts", "TypeScript", 0, 0, 14, 0, 0, 0, 0, 4, 18
"/Users/tyshowers/Dropbox/angular/notch-app/src/app/shared/pipes/status.pipe.spec.ts", "TypeScript", 0, 0, 7, 0, 0, 0, 0, 2, 9
"/Users/tyshowers/Dropbox/angular/notch-app/src/app/shared/pipes/status.pipe.ts", "TypeScript", 0, 0, 49, 0, 0, 0, 0, 4, 53
"/Users/tyshowers/Dropbox/angular/notch-app/src/app/shared/pipes/typeof.pipe.spec.ts", "TypeScript", 0, 0, 7, 0, 0, 0, 0, 2, 9
"/Users/tyshowers/Dropbox/angular/notch-app/src/app/shared/pipes/typeof.pipe.ts", "TypeScript", 0, 0, 9, 0, 0, 0, 1, 4, 14
"/Users/tyshowers/Dropbox/angular/notch-app/src/app/shared/settings.service.ts", "TypeScript", 0, 0, 125, 0, 0, 0, 0, 17, 142
"/Users/tyshowers/Dropbox/angular/notch-app/src/app/shared/shared.module.ts", "TypeScript", 0, 0, 27, 0, 0, 0, 0, 1, 28
"/Users/tyshowers/Dropbox/angular/notch-app/src/app/test-kits/test-kit-edit/test-kit-edit.component.css", "CSS", 0, 0, 0, 0, 0, 0, 0, 1, 1
"/Users/tyshowers/Dropbox/angular/notch-app/src/app/test-kits/test-kit-edit/test-kit-edit.component.html", "HTML", 0, 0, 0, 0, 176, 0, 0, 6, 182
"/Users/tyshowers/Dropbox/angular/notch-app/src/app/test-kits/test-kit-edit/test-kit-edit.component.spec.ts", "TypeScript", 0, 0, 20, 0, 0, 0, 0, 6, 26
"/Users/tyshowers/Dropbox/angular/notch-app/src/app/test-kits/test-kit-edit/test-kit-edit.component.ts", "TypeScript", 0, 0, 28, 0, 0, 0, 0, 9, 37
"/Users/tyshowers/Dropbox/angular/notch-app/src/app/test-kits/test-kit-home/test-kit-home.component.css", "CSS", 6, 0, 0, 0, 0, 0, 0, 0, 6
"/Users/tyshowers/Dropbox/angular/notch-app/src/app/test-kits/test-kit-home/test-kit-home.component.html", "HTML", 0, 0, 0, 0, 43, 0, 0, 4, 47
"/Users/tyshowers/Dropbox/angular/notch-app/src/app/test-kits/test-kit-home/test-kit-home.component.spec.ts", "TypeScript", 0, 0, 20, 0, 0, 0, 0, 6, 26
"/Users/tyshowers/Dropbox/angular/notch-app/src/app/test-kits/test-kit-home/test-kit-home.component.ts", "TypeScript", 0, 0, 94, 0, 0, 0, 0, 18, 112
"/Users/tyshowers/Dropbox/angular/notch-app/src/app/test-kits/test-kit-list/test-kit-list.component.css", "CSS", 0, 0, 0, 0, 0, 0, 0, 1, 1
"/Users/tyshowers/Dropbox/angular/notch-app/src/app/test-kits/test-kit-list/test-kit-list.component.html", "HTML", 0, 0, 0, 0, 31, 0, 0, 3, 34
"/Users/tyshowers/Dropbox/angular/notch-app/src/app/test-kits/test-kit-list/test-kit-list.component.spec.ts", "TypeScript", 0, 0, 20, 0, 0, 0, 0, 6, 26
"/Users/tyshowers/Dropbox/angular/notch-app/src/app/test-kits/test-kit-list/test-kit-list.component.ts", "TypeScript", 0, 0, 46, 0, 0, 0, 3, 20, 69
"/Users/tyshowers/Dropbox/angular/notch-app/src/app/test-kits/test-kit-order-filter.pipe.spec.ts", "TypeScript", 0, 0, 7, 0, 0, 0, 0, 2, 9
"/Users/tyshowers/Dropbox/angular/notch-app/src/app/test-kits/test-kit-order-filter.pipe.ts", "TypeScript", 0, 0, 43, 0, 0, 0, 0, 7, 50
"/Users/tyshowers/Dropbox/angular/notch-app/src/app/test-kits/test-kit-view/test-kit-view.component.css", "CSS", 0, 0, 0, 0, 0, 0, 0, 1, 1
"/Users/tyshowers/Dropbox/angular/notch-app/src/app/test-kits/test-kit-view/test-kit-view.component.html", "HTML", 0, 0, 0, 0, 82, 0, 2, 3, 87
"/Users/tyshowers/Dropbox/angular/notch-app/src/app/test-kits/test-kit-view/test-kit-view.component.spec.ts", "TypeScript", 0, 0, 20, 0, 0, 0, 0, 6, 26
"/Users/tyshowers/Dropbox/angular/notch-app/src/app/test-kits/test-kit-view/test-kit-view.component.ts", "TypeScript", 0, 0, 24, 0, 0, 0, 0, 12, 36
"/Users/tyshowers/Dropbox/angular/notch-app/src/app/test-kits/test-kits-routing.module.ts", "TypeScript", 0, 0, 10, 0, 0, 0, 0, 3, 13
"/Users/tyshowers/Dropbox/angular/notch-app/src/app/test-kits/test-kits.component.css", "CSS", 0, 0, 0, 0, 0, 0, 0, 1, 1
"/Users/tyshowers/Dropbox/angular/notch-app/src/app/test-kits/test-kits.component.html", "HTML", 0, 0, 0, 0, 1, 0, 0, 1, 2
"/Users/tyshowers/Dropbox/angular/notch-app/src/app/test-kits/test-kits.component.spec.ts", "TypeScript", 0, 0, 20, 0, 0, 0, 0, 6, 26
"/Users/tyshowers/Dropbox/angular/notch-app/src/app/test-kits/test-kits.component.ts", "TypeScript", 0, 0, 11, 0, 0, 0, 0, 5, 16
"/Users/tyshowers/Dropbox/angular/notch-app/src/app/test-kits/test-kits.module.ts", "TypeScript", 0, 0, 31, 0, 0, 0, 0, 5, 36
"/Users/tyshowers/Dropbox/angular/notch-app/src/app/users/user-edit/user-edit.component.css", "CSS", 0, 0, 0, 0, 0, 0, 0, 1, 1
"/Users/tyshowers/Dropbox/angular/notch-app/src/app/users/user-edit/user-edit.component.html", "HTML", 0, 0, 0, 0, 1, 0, 0, 1, 2
"/Users/tyshowers/Dropbox/angular/notch-app/src/app/users/user-edit/user-edit.component.spec.ts", "TypeScript", 0, 0, 20, 0, 0, 0, 0, 6, 26
"/Users/tyshowers/Dropbox/angular/notch-app/src/app/users/user-edit/user-edit.component.ts", "TypeScript", 0, 0, 22, 0, 0, 0, 1, 8, 31
"/Users/tyshowers/Dropbox/angular/notch-app/src/app/users/user-home/user-home.component.css", "CSS", 0, 0, 0, 0, 0, 0, 0, 1, 1
"/Users/tyshowers/Dropbox/angular/notch-app/src/app/users/user-home/user-home.component.html", "HTML", 0, 0, 0, 0, 19, 0, 0, 0, 19
"/Users/tyshowers/Dropbox/angular/notch-app/src/app/users/user-home/user-home.component.spec.ts", "TypeScript", 0, 0, 20, 0, 0, 0, 0, 6, 26
"/Users/tyshowers/Dropbox/angular/notch-app/src/app/users/user-home/user-home.component.ts", "TypeScript", 0, 0, 16, 0, 0, 0, 0, 12, 28
"/Users/tyshowers/Dropbox/angular/notch-app/src/app/users/user-list/user-list.component.css", "CSS", 0, 0, 0, 0, 0, 0, 0, 1, 1
"/Users/tyshowers/Dropbox/angular/notch-app/src/app/users/user-list/user-list.component.html", "HTML", 0, 0, 0, 0, 26, 0, 0, 0, 26
"/Users/tyshowers/Dropbox/angular/notch-app/src/app/users/user-list/user-list.component.spec.ts", "TypeScript", 0, 0, 20, 0, 0, 0, 0, 6, 26
"/Users/tyshowers/Dropbox/angular/notch-app/src/app/users/user-list/user-list.component.ts", "TypeScript", 0, 0, 21, 0, 0, 0, 0, 9, 30
"/Users/tyshowers/Dropbox/angular/notch-app/src/app/users/user-view/user-view.component.css", "CSS", 0, 0, 0, 0, 0, 0, 0, 1, 1
"/Users/tyshowers/Dropbox/angular/notch-app/src/app/users/user-view/user-view.component.html", "HTML", 0, 0, 0, 0, 13, 0, 0, 0, 13
"/Users/tyshowers/Dropbox/angular/notch-app/src/app/users/user-view/user-view.component.spec.ts", "TypeScript", 0, 0, 20, 0, 0, 0, 0, 6, 26
"/Users/tyshowers/Dropbox/angular/notch-app/src/app/users/user-view/user-view.component.ts", "TypeScript", 0, 0, 20, 0, 0, 0, 0, 11, 31
"/Users/tyshowers/Dropbox/angular/notch-app/src/app/users/users-routing.module.ts", "TypeScript", 0, 0, 10, 0, 0, 0, 0, 3, 13
"/Users/tyshowers/Dropbox/angular/notch-app/src/app/users/users.component.css", "CSS", 0, 0, 0, 0, 0, 0, 0, 1, 1
"/Users/tyshowers/Dropbox/angular/notch-app/src/app/users/users.component.html", "HTML", 0, 0, 0, 0, 1, 0, 0, 1, 2
"/Users/tyshowers/Dropbox/angular/notch-app/src/app/users/users.component.spec.ts", "TypeScript", 0, 0, 20, 0, 0, 0, 0, 6, 26
"/Users/tyshowers/Dropbox/angular/notch-app/src/app/users/users.component.ts", "TypeScript", 0, 0, 11, 0, 0, 0, 0, 5, 16
"/Users/tyshowers/Dropbox/angular/notch-app/src/app/users/users.module.ts", "TypeScript", 0, 0, 24, 0, 0, 0, 0, 4, 28
"/Users/tyshowers/Dropbox/angular/notch-app/src/app/website/error-found/error-found.component.css", "CSS", 0, 0, 0, 0, 0, 0, 0, 1, 1
"/Users/tyshowers/Dropbox/angular/notch-app/src/app/website/error-found/error-found.component.html", "HTML", 0, 0, 0, 0, 15, 0, 0, 2, 17
"/Users/tyshowers/Dropbox/angular/notch-app/src/app/website/error-found/error-found.component.spec.ts", "TypeScript", 0, 0, 20, 0, 0, 0, 0, 6, 26
"/Users/tyshowers/Dropbox/angular/notch-app/src/app/website/error-found/error-found.component.ts", "TypeScript", 0, 0, 15, 0, 0, 0, 0, 7, 22
"/Users/tyshowers/Dropbox/angular/notch-app/src/app/website/not-found/not-found.component.css", "CSS", 0, 0, 0, 0, 0, 0, 0, 1, 1
"/Users/tyshowers/Dropbox/angular/notch-app/src/app/website/not-found/not-found.component.html", "HTML", 0, 0, 0, 0, 20, 0, 1, 4, 25
"/Users/tyshowers/Dropbox/angular/notch-app/src/app/website/not-found/not-found.component.spec.ts", "TypeScript", 0, 0, 20, 0, 0, 0, 0, 6, 26
"/Users/tyshowers/Dropbox/angular/notch-app/src/app/website/not-found/not-found.component.ts", "TypeScript", 0, 0, 24, 0, 0, 0, 0, 9, 33
"/Users/tyshowers/Dropbox/angular/notch-app/src/app/website/thank-you/thank-you.component.css", "CSS", 0, 0, 0, 0, 0, 0, 0, 1, 1
"/Users/tyshowers/Dropbox/angular/notch-app/src/app/website/thank-you/thank-you.component.html", "HTML", 0, 0, 0, 0, 38, 0, 0, 3, 41
"/Users/tyshowers/Dropbox/angular/notch-app/src/app/website/thank-you/thank-you.component.ts", "TypeScript", 0, 0, 18, 0, 0, 0, 1, 7, 26
"/Users/tyshowers/Dropbox/angular/notch-app/src/assets/kits/6053128503457.svg", "XML", 0, 0, 0, 0, 0, 1, 0, 0, 1
"/Users/tyshowers/Dropbox/angular/notch-app/src/assets/kits/6070736453793.svg", "XML", 0, 0, 0, 0, 0, 1, 0, 0, 1
"/Users/tyshowers/Dropbox/angular/notch-app/src/assets/kits/6071173677217.svg", "XML", 0, 0, 0, 0, 0, 1, 0, 0, 1
"/Users/tyshowers/Dropbox/angular/notch-app/src/assets/kits/6071245504673.svg", "XML", 0, 0, 0, 0, 0, 1, 0, 0, 1
"/Users/tyshowers/Dropbox/angular/notch-app/src/assets/kits/6071271850145.svg", "XML", 0, 0, 0, 0, 0, 1, 0, 0, 1
"/Users/tyshowers/Dropbox/angular/notch-app/src/assets/kits/6071316054177.svg", "XML", 0, 0, 0, 0, 0, 1, 0, 0, 1
"/Users/tyshowers/Dropbox/angular/notch-app/src/assets/kits/6071351443617.svg", "XML", 0, 0, 0, 0, 0, 1, 0, 0, 1
"/Users/tyshowers/Dropbox/angular/notch-app/src/assets/kits/6071369007265.svg", "XML", 0, 0, 0, 0, 0, 1, 0, 0, 1
"/Users/tyshowers/Dropbox/angular/notch-app/src/assets/kits/6680821989537.svg", "XML", 0, 0, 0, 0, 0, 1, 0, 0, 1
"/Users/tyshowers/Dropbox/angular/notch-app/src/assets/kits/6680823922849.svg", "XML", 0, 0, 0, 0, 0, 1, 0, 0, 1
"/Users/tyshowers/Dropbox/angular/notch-app/src/assets/kits/Notch_Kit_Ico01_Wheat_Grain_Lght.svg", "XML", 0, 0, 0, 0, 0, 1, 0, 0, 1
"/Users/tyshowers/Dropbox/angular/notch-app/src/assets/kits/Notch_Kit_Ico04_Nut_Legumes_Lght.svg", "XML", 0, 0, 0, 0, 0, 1, 0, 0, 1
"/Users/tyshowers/Dropbox/angular/notch-app/src/assets/kits/Notch_Kit_Ico09_Meat_Poultry_Lght.svg", "XML", 0, 0, 0, 0, 0, 1, 0, 0, 1
"/Users/tyshowers/Dropbox/angular/notch-app/src/assets/kits/Notch_Kit_Ico10_Eggs_Lght.svg", "XML", 0, 0, 0, 0, 0, 1, 0, 0, 1
"/Users/tyshowers/Dropbox/angular/notch-app/src/assets/logos/NotchLogo_Blk.svg", "XML", 0, 0, 0, 0, 0, 1, 0, 0, 1
"/Users/tyshowers/Dropbox/angular/notch-app/src/assets/logos/NotchLogo_RGB_Color_Ondark.svg", "XML", 0, 0, 0, 0, 0, 1, 0, 0, 1
"/Users/tyshowers/Dropbox/angular/notch-app/src/assets/logos/NotchLogo_RGB_Color_Onlight.svg", "XML", 0, 0, 0, 0, 0, 1, 0, 0, 1
"/Users/tyshowers/Dropbox/angular/notch-app/src/assets/logos/NotchLogo_Wht.svg", "XML", 0, 0, 0, 0, 0, 1, 0, 0, 1
"/Users/tyshowers/Dropbox/angular/notch-app/src/assets/logos/NotchSymbol_Blk.svg", "XML", 0, 0, 0, 0, 0, 1, 0, 0, 1
"/Users/tyshowers/Dropbox/angular/notch-app/src/assets/logos/NotchSymbol_RGB_Color_Ondark.svg", "XML", 0, 0, 0, 0, 0, 1, 0, 0, 1
"/Users/tyshowers/Dropbox/angular/notch-app/src/assets/logos/NotchSymbol_RGB_Color_Onlight.svg", "XML", 0, 0, 0, 0, 0, 1, 0, 0, 1
"/Users/tyshowers/Dropbox/angular/notch-app/src/assets/logos/NotchSymbol_Wht.svg", "XML", 0, 0, 0, 0, 0, 1, 0, 0, 1
"/Users/tyshowers/Dropbox/angular/notch-app/src/assets/process/Notch_Process_Ico01 _Ship_Package_Lght.svg", "XML", 0, 0, 0, 0, 0, 1, 0, 0, 1
"/Users/tyshowers/Dropbox/angular/notch-app/src/assets/process/Notch_Process_Ico02_Reg_ID_Lght.svg", "XML", 0, 0, 0, 0, 0, 1, 0, 0, 1
"/Users/tyshowers/Dropbox/angular/notch-app/src/assets/process/Notch_Process_Ico03_Activation_Lght.svg", "XML", 0, 0, 0, 0, 0, 1, 0, 0, 1
"/Users/tyshowers/Dropbox/angular/notch-app/src/assets/process/Notch_Process_Ico04_Portal_Lght.svg", "XML", 0, 0, 0, 0, 0, 1, 0, 0, 1
"/Users/tyshowers/Dropbox/angular/notch-app/src/assets/process/Notch_Process_Ico05_Finger_Prick_Lght.svg", "XML", 0, 0, 0, 0, 0, 1, 0, 0, 1
"/Users/tyshowers/Dropbox/angular/notch-app/src/assets/process/Notch_Process_Ico06_Collect_Sample_Lght.svg", "XML", 0, 0, 0, 0, 0, 1, 0, 0, 1
"/Users/tyshowers/Dropbox/angular/notch-app/src/assets/process/Notch_Process_Ico07_Seal Sample_Lght.svg", "XML", 0, 0, 0, 0, 0, 1, 0, 0, 1
"/Users/tyshowers/Dropbox/angular/notch-app/src/assets/process/Notch_Process_Ico08_Return Sample_Lght.svg", "XML", 0, 0, 0, 0, 0, 1, 0, 0, 1
"/Users/tyshowers/Dropbox/angular/notch-app/src/assets/site.webmanifest", "JSON", 0, 0, 0, 19, 0, 0, 0, 0, 19
"/Users/tyshowers/Dropbox/angular/notch-app/src/bitbucket-pipelines.yml", "YAML", 0, 14, 0, 0, 0, 0, 0, 1, 15
"/Users/tyshowers/Dropbox/angular/notch-app/src/environments/environment test.ts", "TypeScript", 0, 0, 13, 0, 0, 0, 11, 3, 27
"/Users/tyshowers/Dropbox/angular/notch-app/src/environments/environment.prod.ts", "TypeScript", 0, 0, 13, 0, 0, 0, 0, 2, 15
"/Users/tyshowers/Dropbox/angular/notch-app/src/environments/environment.staging.ts", "TypeScript", 0, 0, 13, 0, 0, 0, 0, 2, 15
"/Users/tyshowers/Dropbox/angular/notch-app/src/environments/environment.ts", "TypeScript", 0, 0, 13, 0, 0, 0, 11, 3, 27
"/Users/tyshowers/Dropbox/angular/notch-app/src/index.html", "HTML", 0, 0, 0, 0, 30, 0, 0, 5, 35
"/Users/tyshowers/Dropbox/angular/notch-app/src/main.ts", "TypeScript", 0, 0, 9, 0, 0, 0, 0, 4, 13
"/Users/tyshowers/Dropbox/angular/notch-app/src/polyfills.ts", "TypeScript", 0, 0, 1, 0, 0, 0, 57, 8, 66
"/Users/tyshowers/Dropbox/angular/notch-app/src/styles.css", "CSS", 1411, 0, 0, 0, 0, 0, 30, 258, 1699
"/Users/tyshowers/Dropbox/angular/notch-app/src/styles/fonts/Simple-Line-Icons.svg", "XML", 0, 0, 0, 0, 0, 200, 0, 1, 201
"/Users/tyshowers/Dropbox/angular/notch-app/src/styles/simple-line-icons.css", "CSS", 773, 0, 0, 0, 0, 0, 5, 1, 779
"/Users/tyshowers/Dropbox/angular/notch-app/src/test.ts", "TypeScript", 0, 0, 18, 0, 0, 0, 4, 4, 26
"Total", "-", 2269, 14, 7981, 19, 6501, 230, 323, 2746, 20083